{"UUID":"UCRd61aIYkMXCgZXi0Amac","layoutMainAxisSizing":null,"layoutCrossAxisSizing":null,"name":"Food Delivery App","isVisible":true,"boundaryRectangle":null,"style":null,"prototypeNodeUUID":null,"child":null,"constraints":null,"debug":false,"pngPath":"/usr/src/app/temp-out/pb-tmp-48236be7-cb09-4724-af01-40c266077389/tijaabo/lib/assets/images","pages":[{"UUID":"4:47","layoutMainAxisSizing":null,"layoutCrossAxisSizing":null,"name":"main","isVisible":true,"boundaryRectangle":null,"style":null,"prototypeNodeUUID":null,"child":null,"constraints":null,"convert":true,"screens":[],"pbdlType":"page"}],"miscPages":[],"sharedStyles":[],"globalStyles":{"UUID":"","layoutMainAxisSizing":null,"layoutCrossAxisSizing":null,"name":"","isVisible":false,"boundaryRectangle":null,"style":null,"prototypeNodeUUID":null,"child":null,"constraints":null,"pbdlType":"global_styles","designSystem":"material","colors":[{"UUID":"4:44","layoutMainAxisSizing":null,"layoutCrossAxisSizing":null,"name":"pink","isVisible":false,"boundaryRectangle":null,"style":null,"prototypeNodeUUID":null,"child":null,"constraints":null,"description":"","pbdlType":"global_color","color":{"a":1.0,"r":0.9490196108818054,"g":0.250980406999588,"b":0.6823529601097107}},{"UUID":"4:45","layoutMainAxisSizing":null,"layoutCrossAxisSizing":null,"name":"yellow","isVisible":false,"boundaryRectangle":null,"style":null,"prototypeNodeUUID":null,"child":null,"constraints":null,"description":"","pbdlType":"global_color","color":{"a":1.0,"r":0.9882352948188782,"g":0.8588235378265381,"b":0.0784313753247261}},{"UUID":"4:46","layoutMainAxisSizing":null,"layoutCrossAxisSizing":null,"name":"green","isVisible":false,"boundaryRectangle":null,"style":null,"prototypeNodeUUID":null,"child":null,"constraints":null,"description":"","pbdlType":"global_color","color":{"a":1.0,"r":0.003921568859368563,"g":0.9764705896377563,"b":0.772549033164978}},{"UUID":"4:7164","layoutMainAxisSizing":null,"layoutCrossAxisSizing":null,"name":"Gray 3","isVisible":false,"boundaryRectangle":null,"style":null,"prototypeNodeUUID":null,"child":null,"constraints":null,"description":"","pbdlType":"global_color","color":{"a":1.0,"r":0.5098039507865906,"g":0.5098039507865906,"b":0.5098039507865906}},{"UUID":"4:627","layoutMainAxisSizing":null,"layoutCrossAxisSizing":null,"name":"Gray 1","isVisible":false,"boundaryRectangle":null,"style":null,"prototypeNodeUUID":null,"child":null,"constraints":null,"description":"","pbdlType":"global_color","color":{"a":1.0,"r":0.20000000298023224,"g":0.20000000298023224,"b":0.20000000298023224}},{"UUID":"4:13758","layoutMainAxisSizing":null,"layoutCrossAxisSizing":null,"name":"Gray 4","isVisible":false,"boundaryRectangle":null,"style":null,"prototypeNodeUUID":null,"child":null,"constraints":null,"description":"","pbdlType":"global_color","color":{"a":1.0,"r":0.7411764860153198,"g":0.7411764860153198,"b":0.7411764860153198}},{"UUID":"4:13846","layoutMainAxisSizing":null,"layoutCrossAxisSizing":null,"name":"Gray 6","isVisible":false,"boundaryRectangle":null,"style":null,"prototypeNodeUUID":null,"child":null,"constraints":null,"description":"","pbdlType":"global_color","color":{"a":1.0,"r":0.9490196108818054,"g":0.9490196108818054,"b":0.9490196108818054}}],"textStyles":[],"themeColors":[],"themeTextStyles":[]},"pbdlType":"project","azure_container_uri":"https://pbnestcore.blob.core.windows.net/ucrd61aiykmxcgzxi0amac"}